id_ves;id_fish_x;catch_volume;product_uni;volumn_uni;id_fish_uni;new_name;volume;id_fish_y;fish
1284;147;9252;-147;9252;-147;окунь золотистый;8011;147;окунь золотистый
1284;292;531072;-292;290005;-292;треска;536063;292;треска
1284;408;111336;-408;72203;-408;пикша;118210;408;пикша
1284;410;32034;-410;20608;-410;сайда;32029;410;сайда
1284;610;1906;-610;665;-610;зубатка синяя;2037;610;зубатка синяя
1284;616;826;-616;325;-616;зубатка полосатая;41;616;зубатка полосатая
1284;617;3840;-617;1378;-617;зубатка пестрая;3897;617;зубатка пестрая
1284;714;183;-714;50;-714;камбала ерш;363;714;камбала ерш
1284;721;1144;-721;1144;-721;камбала морская;1145;721;камбала морская
1286;400;1953243;-400;1245678;-400;минтай;2091483;400;минтай
1290;88;6577;-88;6577;-88;окунь клювач;6216;88;окунь клювач
1290;113;6611;-113;544;-113;палтус черный;9178;113;палтус черный
1290;147;13248;-147;13248;-147;окунь золотистый;9393;147;окунь золотистый
1290;292;1398223;-292;659647;-292;треска;1410461;292;треска
1290;408;59336;-408;20344;-408;пикша;60092;408;пикша
1290;610;18605;-610;7329;-610;зубатка синяя;18758;610;зубатка синяя
1290;616;2993;-616;1179;-616;зубатка полосатая;1824;616;зубатка полосатая
1290;617;10562;-617;4161;-617;зубатка пестрая;12442;617;зубатка пестрая
1290;714;52134;-714;8690;-714;камбала ерш;54452;714;камбала ерш
1291;112;1949;-112;626;-112;палтус белокорый;2020;112;палтус белокорый
1291;113;3741;-113;652;-113;палтус черный;3741;113;палтус черный
1291;144;19947;-144;13783;-144;скаты;21762;144;скаты
1291;292;227817;-292;78586;-292;треска;250542;292;треска
1291;400;13902;-400;6021;-400;минтай;13914;400;минтай
1292;88;5402;-88;5402;-88;окунь клювач;5406;88;окунь клювач
1292;113;9520;-113;1292;-113;палтус черный;9452;113;палтус черный
1292;147;5955;-147;5955;-147;окунь золотистый;4545;147;окунь золотистый
1292;292;1194093;-292;355301;-292;треска;1125082;292;треска
1292;408;34494;-408;9855;-408;пикша;29101;408;пикша
1292;410;602;-410;156;-410;сайда;247;410;сайда
1292;610;13647;-610;5376;-610;зубатка синяя;12809;610;зубатка синяя
1292;616;10453;-616;4118;-616;зубатка полосатая;8516;616;зубатка полосатая
1292;617;7585;-617;2988;-617;зубатка пестрая;7503;617;зубатка пестрая
1292;714;44558;-714;7426;-714;камбала ерш;44557;714;камбала ерш
1294;204;841;-204;841;-204;сельдь тихоокеанская;501;204;сельдь тихоокеанская
1294;292;8418;-292;8418;-292;треска;7044;292;треска
1294;400;225347;-400;225347;-400;минтай;214746;400;минтай
1294;451;1096;-451;1096;-451;камбалы дальневосточные;919;451;камбалы дальневосточные
1294;677;3086;-677;3086;-677;бычки;3086;677;бычки
1296;847;48327;-847;48327;-847;краб синий;48375;847;краб синий
1296;853;14271;-853;14271;-853;краб стригун бэрди;16073;853;краб стригун бэрди
1297;88;24153;-88;24153;-88;окунь клювач;24176;88;окунь клювач
1297;113;25820;-113;4137;-113;палтус черный;25676;113;палтус черный
1297;147;4631;-147;4631;-147;окунь золотистый;3475;147;окунь золотистый
1297;292;1014111;-292;636476;-292;треска;948537;292;треска
1297;408;36173;-408;18283;-408;пикша;29499;408;пикша
1297;610;17865;-610;7038;-610;зубатка синяя;16823;610;зубатка синяя
1297;616;6830;-616;2690;-616;зубатка полосатая;5759;616;зубатка полосатая
1297;617;15568;-617;6133;-617;зубатка пестрая;15568;617;зубатка пестрая
1297;714;77168;-714;12861;-714;камбала ерш;77137;714;камбала ерш
1298;88;83421;-88;83421;-88;окунь клювач;83504;88;окунь клювач
1300;88;7369;-88;7369;-88;окунь клювач;7376;88;окунь клювач
1300;113;333;-113;81;-113;палтус черный;333;113;палтус черный
1300;147;5871;-147;5871;-147;окунь золотистый;5871;147;окунь золотистый
1300;292;564906;-292;172500;-292;треска;565472;292;треска
1300;408;29736;-408;8496;-408;пикша;29736;408;пикша
1300;410;44006;-410;11409;-410;сайда;44006;410;сайда
1300;614;339;-614;339;-614;зубатка пятнистая;340;614;зубатка пятнистая
1302;304;114444;-304;0;-304;мойва;109438;304;мойва
1303;112;413;-112;128;-112;палтус белокорый;428;112;палтус белокорый
1303;144;1504;-144;1039;-144;скаты;1116;144;скаты
1303;292;380879;-292;116014;-292;треска;435837;292;треска
1305;292;13915;-292;13915;-292;треска;22007;292;треска
1305;400;46243;-400;46243;-400;минтай;47199;400;минтай
1305;451;830;-451;830;-451;камбалы дальневосточные;1233;451;камбалы дальневосточные
1305;677;2897;-677;2897;-677;бычки;3602;677;бычки
1306;88;9003;-88;9003;-88;окунь клювач;9040;88;окунь клювач
1306;113;107;-113;37;-113;палтус черный;107;113;палтус черный
1306;147;16139;-147;16139;-147;окунь золотистый;16617;147;окунь золотистый
1306;292;421473;-292;126790;-292;треска;444418;292;треска
1306;408;46942;-408;13412;-408;пикша;49287;408;пикша
1306;410;126812;-410;32879;-410;сайда;134615;410;сайда
1306;616;398;-616;157;-616;зубатка полосатая;443;616;зубатка полосатая
1306;617;319;-617;125;-617;зубатка пестрая;320;617;зубатка пестрая
1306;714;731;-714;122;-714;камбала ерш;731;714;камбала ерш
1306;779;2136;-779;610;-779;менек;2391;779;менек
1308;400;1485458;-400;946452;-400;минтай;1531088;400;минтай
1309;112;1329;-112;418;-112;палтус белокорый;1138;112;палтус белокорый
1309;113;84;-113;28;-113;палтус черный;84;113;палтус черный
1309;292;281095;-292;106571;-292;треска;302045;292;треска
1309;400;98;-400;0;-400;минтай;98;400;минтай
1310;292;262891;-292;75366;-292;треска;270238;292;треска
1311;113;311;-113;33;-113;палтус черный;255;113;палтус черный
1311;292;88878;-292;29206;-292;треска;82499;292;треска
1311;408;2738;-408;336;-408;пикша;2738;408;пикша
1311;617;503;-617;185;-617;зубатка пестрая;348;617;зубатка пестрая
1311;714;1185;-714;337;-714;камбала ерш;922;714;камбала ерш
1312;853;57975;-853;22862;-853;краб стригун бэрди;65406;853;краб стригун бэрди
1314;113;486;-113;118;-113;палтус черный;425;113;палтус черный
1314;147;280;-147;280;-147;окунь золотистый;210;147;окунь золотистый
1314;292;65135;-292;19595;-292;треска;60297;292;треска
1314;408;51842;-408;14812;-408;пикша;46497;408;пикша
1314;610;1580;-610;522;-610;зубатка синяя;1580;610;зубатка синяя
1314;617;1892;-617;696;-617;зубатка пестрая;1892;617;зубатка пестрая
1314;714;900;-714;256;-714;камбала ерш;836;714;камбала ерш
1314;721;60;-721;60;-721;камбала морская;60;721;камбала морская
1315;112;1129;-112;375;-112;палтус белокорый;1167;112;палтус белокорый
1315;292;237189;-292;79337;-292;треска;253158;292;треска
1316;400;127958;-400;49949;-400;минтай;89962;400;минтай
1318;88;3465;-88;3465;-88;окунь клювач;3557;88;окунь клювач
1318;147;16631;-147;16631;-147;окунь золотистый;17424;147;окунь золотистый
1318;292;229095;-292;69197;-292;треска;241848;292;треска
1318;408;30618;-408;8748;-408;пикша;31878;408;пикша
1318;410;90720;-410;23521;-410;сайда;97767;410;сайда
1318;714;936;-714;156;-714;камбала ерш;972;714;камбала ерш
1319;847;52211;-847;52211;-847;краб синий;19579;847;краб синий
1322;113;296;-113;72;-113;палтус черный;507;113;палтус черный
1322;147;143;-147;143;-147;окунь золотистый;143;147;окунь золотистый
1322;292;29568;-292;8746;-292;треска;38295;292;треска
1322;408;39962;-408;11418;-408;пикша;44308;408;пикша
1322;610;1705;-610;617;-610;зубатка синяя;2257;610;зубатка синяя
1322;617;2385;-617;849;-617;зубатка пестрая;4075;617;зубатка пестрая
1322;714;1497;-714;409;-714;камбала ерш;1937;714;камбала ерш
1322;721;1230;-721;1230;-721;камбала морская;1356;721;камбала морская
1323;292;9257;-292;2858;-292;треска;7999;292;треска
1323;408;1117;-408;319;-408;пикша;750;408;пикша
1323;617;11;-617;4;-617;зубатка пестрая;11;617;зубатка пестрая
1324;400;2558137;-400;1555063;-400;минтай;2673290;400;минтай
1325;292;81666;-292;25794;-292;треска;98723;292;треска
1325;408;210061;-408;60027;-408;пикша;214749;408;пикша
1325;610;2021;-610;638;-610;зубатка синяя;2193;610;зубатка синяя
1325;617;924;-617;335;-617;зубатка пестрая;1014;617;зубатка пестрая
1325;714;1892;-714;526;-714;камбала ерш;2160;714;камбала ерш
1327;400;2670611;-400;795961;-400;минтай;2589213;400;минтай
1328;88;15403;-88;15403;-88;окунь клювач;15236;88;окунь клювач
1328;147;6061;-147;6061;-147;окунь золотистый;6786;147;окунь золотистый
1328;292;393771;-292;107304;-292;треска;398192;292;треска
1328;408;33415;-408;9548;-408;пикша;35663;408;пикша
1328;410;105385;-410;27323;-410;сайда;132921;410;сайда
1328;616;820;-616;323;-616;зубатка полосатая;214;616;зубатка полосатая
1329;304;2183853;-304;121265;-304;мойва;1601631;304;мойва
1330;6;22;-6;0;-6;шпрот килька;22;6;шпрот килька
1330;404;122;-404;2;-404;смарида;122;404;смарида
1331;400;65120;-400;0;-400;минтай;65185;400;минтай
1332;144;700;-144;700;-144;скаты;950;144;скаты
1332;292;850;-292;850;-292;треска;1731;292;треска
1332;400;134200;-400;134200;-400;минтай;150452;400;минтай
1332;451;30800;-451;30800;-451;камбалы дальневосточные;40020;451;камбалы дальневосточные
1332;677;2200;-677;2200;-677;бычки;2300;677;бычки
1332;888;1100;-888;1100;-888;кальмар командорский;1500;888;кальмар командорский
1333;409;28680;-409;0;-409;путассу северная;28680;409;путассу северная
1335;88;8471;-88;8471;-88;окунь клювач;8474;88;окунь клювач
1335;147;8601;-147;8601;-147;окунь золотистый;9817;147;окунь золотистый
1335;292;619249;-292;172404;-292;треска;663836;292;треска
1335;408;52144;-408;14899;-408;пикша;53366;408;пикша
1335;410;99328;-410;25751;-410;сайда;99347;410;сайда
1335;610;391;-610;154;-610;зубатка синяя;580;610;зубатка синяя
1335;617;452;-617;178;-617;зубатка пестрая;568;617;зубатка пестрая
1336;113;979;-113;829;-113;палтус черный;979;113;палтус черный
1336;292;224049;-292;64854;-292;треска;224271;292;треска
1336;408;69769;-408;19934;-408;пикша;69769;408;пикша
1336;610;7250;-610;2260;-610;зубатка синяя;7250;610;зубатка синяя
1336;617;7230;-617;2575;-617;зубатка пестрая;7230;617;зубатка пестрая
1336;683;542;-683;177;-683;окунь морской;543;683;окунь морской
1336;714;5167;-714;1412;-714;камбала ерш;5167;714;камбала ерш
1336;721;2814;-721;2814;-721;камбала морская;2817;721;камбала морская
1337;304;436680;-304;0;-304;мойва;379159;304;мойва
1338;90;432;-90;0;-90;зубан;0;90;зубан
1338;286;3780;-286;0;-286;пеламида;4293;286;пеламида
1338;414;5280;-414;0;-414;хек мерлуза;6060;414;хек мерлуза
1338;439;27000;-439;27000;-439;лещ;6264;439;лещ
1338;631;1377;-631;0;-631;сабля рыба;1377;631;сабля рыба
1338;645;61950;-645;0;-645;скумбрия;124800;645;скумбрия
1338;645;61950;-645;0;-645;скумбрия;124800;645;скумбрия
1338;878;756;-878;0;-878;лихия;756;878;лихия
1339;404;61;-404;1;-404;смарида;61;404;смарида
1339;487;20;-487;0;-487;луфарь;20;487;луфарь
1340;113;2926;-113;2579;-113;палтус черный;2647;113;палтус черный
1340;144;683;-144;464;-144;скаты;1712;144;скаты
1340;292;77446;-292;21632;-292;треска;93225;292;треска
1340;408;87097;-408;22605;-408;пикша;94198;408;пикша
1340;610;19143;-610;5979;-610;зубатка синяя;19276;610;зубатка синяя
1340;617;17901;-617;6383;-617;зубатка пестрая;17703;617;зубатка пестрая
1341;147;5128;-147;5128;-147;окунь золотистый;4681;147;окунь золотистый
1341;292;447280;-292;273056;-292;треска;413061;292;треска
1341;408;160167;-408;104609;-408;пикша;170589;408;пикша
1341;410;49138;-410;31600;-410;сайда;49132;410;сайда
1341;610;1863;-610;584;-610;зубатка синяя;2706;610;зубатка синяя
1341;616;38;-616;13;-616;зубатка полосатая;92;616;зубатка полосатая
1341;617;6327;-617;2255;-617;зубатка пестрая;8008;617;зубатка пестрая
1341;714;670;-714;186;-714;камбала ерш;1353;714;камбала ерш
1341;721;2673;-721;2673;-721;камбала морская;3418;721;камбала морская
1343;88;867;-88;867;-88;окунь клювач;868;88;окунь клювач
1343;113;33;-113;8;-113;палтус черный;33;113;палтус черный
1343;147;3412;-147;3412;-147;окунь золотистый;2887;147;окунь золотистый
1343;292;166342;-292;51649;-292;треска;146421;292;треска
1343;408;39357;-408;11245;-408;пикша;39091;408;пикша
1343;410;5538;-410;1436;-410;сайда;5397;410;сайда
1343;610;1321;-610;468;-610;зубатка синяя;1424;610;зубатка синяя
1343;616;1341;-616;528;-616;зубатка полосатая;317;616;зубатка полосатая
1343;617;648;-617;237;-617;зубатка пестрая;1297;617;зубатка пестрая
1343;714;2280;-714;491;-714;камбала ерш;2490;714;камбала ерш
1343;721;101;-721;101;-721;камбала морская;101;721;камбала морская
1345;112;463;-112;138;-112;палтус белокорый;362;112;палтус белокорый
1345;114;44;-114;16;-114;палтус стрелозубый;44;114;палтус стрелозубый
1345;292;290926;-292;118773;-292;треска;310653;292;треска
1345;400;45;-400;0;-400;минтай;45;400;минтай
1346;400;1592088;-400;1014226;-400;минтай;1588559;400;минтай
1347;861;7633;-861;1201;-861;креветка гребенчатая;6267;861;креветка гребенчатая
1349;847;14550;-847;0;-847;краб синий;19168;847;краб синий
1349;853;17360;-853;0;-853;краб стригун бэрди;17360;853;краб стригун бэрди
1350;400;2486578;-400;743572;-400;минтай;2307404;400;минтай
1353;88;3608;-88;3608;-88;окунь клювач;3612;88;окунь клювач
1353;147;5323;-147;5323;-147;окунь золотистый;4943;147;окунь золотистый
1353;292;396538;-292;218980;-292;треска;357980;292;треска
1353;408;18898;-408;10184;-408;пикша;18396;408;пикша
1353;410;65548;-410;17003;-410;сайда;65410;410;сайда
1353;610;1312;-610;517;-610;зубатка синяя;868;610;зубатка синяя
1353;616;2808;-616;1110;-616;зубатка полосатая;2055;616;зубатка полосатая
1353;617;243;-617;97;-617;зубатка пестрая;165;617;зубатка пестрая
1353;714;143;-714;24;-714;камбала ерш;143;714;камбала ерш
1353;779;1043;-779;305;-779;менек;1043;779;менек
1354;292;3365;-292;3365;-292;треска;17336;292;треска
1354;400;35101;-400;35101;-400;минтай;36483;400;минтай
1354;451;828;-451;828;-451;камбалы дальневосточные;1669;451;камбалы дальневосточные
1354;677;2735;-677;2735;-677;бычки;3408;677;бычки
1355;400;3610779;-400;1068877;-400;минтай;3975234;400;минтай
1357;853;47893;-853;15468;-853;краб стригун бэрди;68394;853;краб стригун бэрди
1360;294;45677;-294;2113;-294;краб стригун опилио;40567;294;краб стригун опилио
1361;400;1628796;-400;1628796;-400;минтай;1192612;400;минтай
1366;400;2533937;-400;1535181;-400;минтай;2658486;400;минтай
1368;88;16105;-88;16105;-88;окунь клювач;16406;88;окунь клювач
1368;113;2098;-113;2098;-113;палтус черный;2131;113;палтус черный
1368;147;8610;-147;8610;-147;окунь золотистый;8740;147;окунь золотистый
1368;292;668833;-292;216092;-292;треска;681904;292;треска
1368;408;22077;-408;6308;-408;пикша;24972;408;пикша
1368;410;11046;-410;2864;-410;сайда;10944;410;сайда
1368;610;1244;-610;490;-610;зубатка синяя;2193;610;зубатка синяя
1368;616;248;-616;98;-616;зубатка полосатая;1485;616;зубатка полосатая
1368;617;1016;-617;400;-617;зубатка пестрая;1762;617;зубатка пестрая
1369;853;42556;-853;42556;-853;краб стригун бэрди;28746;853;краб стригун бэрди
1370;400;1948742;-400;660289;-400;минтай;1128598;400;минтай
1371;113;515;-113;125;-113;палтус черный;515;113;палтус черный
1371;292;140991;-292;44597;-292;треска;150052;292;треска
1371;408;97825;-408;27950;-408;пикша;102277;408;пикша
1371;610;2223;-610;693;-610;зубатка синяя;2921;610;зубатка синяя
1371;617;1567;-617;697;-617;зубатка пестрая;4919;617;зубатка пестрая
1371;714;1734;-714;474;-714;камбала ерш;1899;714;камбала ерш
1372;859;42160;-859;3148;-859;креветка северная;43684;859;креветка северная
1373;88;10602;-88;10602;-88;окунь клювач;10611;88;окунь клювач
1373;113;258;-113;62;-113;палтус черный;547;113;палтус черный
1373;147;5240;-147;5240;-147;окунь золотистый;4891;147;окунь золотистый
1373;292;525548;-292;142540;-292;треска;508258;292;треска
1373;408;142947;-408;40180;-408;пикша;151232;408;пикша
1373;410;42477;-410;11012;-410;сайда;42474;410;сайда
1373;610;1684;-610;610;-610;зубатка синяя;1449;610;зубатка синяя
1373;617;1456;-617;528;-617;зубатка пестрая;1502;617;зубатка пестрая
1373;714;858;-714;234;-714;камбала ерш;1191;714;камбала ерш
1373;721;453;-721;453;-721;камбала морская;453;721;камбала морская
1374;853;45121;-853;0;-853;краб стригун бэрди;45121;853;краб стригун бэрди
1375;853;50800;-853;50800;-853;краб стригун бэрди;50800;853;краб стригун бэрди
1377;113;2909;-113;297;-113;палтус черный;2814;113;палтус черный
1377;292;152034;-292;47549;-292;треска;153783;292;треска
1377;408;91252;-408;25507;-408;пикша;75732;408;пикша
1377;610;3074;-610;958;-610;зубатка синяя;3143;610;зубатка синяя
1377;617;6966;-617;2481;-617;зубатка пестрая;7005;617;зубатка пестрая
1377;714;1157;-714;316;-714;камбала ерш;1088;714;камбала ерш
1377;721;481;-721;481;-721;камбала морская;547;721;камбала морская
1378;400;1067769;-400;371864;-400;минтай;1079908;400;минтай
1379;88;404;-88;404;-88;окунь клювач;405;88;окунь клювач
1379;113;10419;-113;939;-113;палтус черный;11215;113;палтус черный
1379;144;368;-144;246;-144;скаты;278;144;скаты
1379;147;248;-147;248;-147;окунь золотистый;248;147;окунь золотистый
1379;292;166969;-292;49480;-292;треска;182361;292;треска
1379;408;9209;-408;2631;-408;пикша;9756;408;пикша
1379;610;82368;-610;32448;-610;зубатка синяя;81130;610;зубатка синяя
1379;617;25542;-617;10062;-617;зубатка пестрая;24453;617;зубатка пестрая
1379;714;360;-714;60;-714;камбала ерш;396;714;камбала ерш
1380;400;2116883;-400;1359792;-400;минтай;2166229;400;минтай
1381;400;2129486;-400;735067;-400;минтай;1459097;400;минтай
1382;400;2031203;-400;770377;-400;минтай;2124460;400;минтай
1383;88;7726;-88;7726;-88;окунь клювач;7734;88;окунь клювач
1383;292;712260;-292;217828;-292;треска;633549;292;треска
1383;408;28417;-408;8164;-408;пикша;29398;408;пикша
1383;410;68403;-410;17734;-410;сайда;68403;410;сайда
1384;222;1464017;-222;1464017;-222;сардина иваси;1509478;222;сардина иваси
1384;645;4098395;-645;40578;-645;скумбрия;8793182;645;скумбрия
1384;645;4098395;-645;40578;-645;скумбрия;8793182;645;скумбрия
1388;88;553;-88;553;-88;окунь клювач;554;88;окунь клювач
1388;113;12079;-113;9746;-113;палтус черный;11318;113;палтус черный
1388;144;847;-144;576;-144;скаты;746;144;скаты
1388;292;172779;-292;48262;-292;треска;169836;292;треска
1388;408;52452;-408;14052;-408;пикша;55436;408;пикша
1388;610;84272;-610;32211;-610;зубатка синяя;81441;610;зубатка синяя
1388;617;25483;-617;9652;-617;зубатка пестрая;23941;617;зубатка пестрая
1388;714;329;-714;55;-714;камбала ерш;296;714;камбала ерш
1390;400;2589404;-400;894025;-400;минтай;2703987;400;минтай
1391;400;2318966;-400;1211082;-400;минтай;2391583;400;минтай
1392;400;1089648;-400;387156;-400;минтай;1289326;400;минтай
1393;400;2731771;-400;820990;-400;минтай;2876459;400;минтай
1394;88;6185;-88;6185;-88;окунь клювач;6191;88;окунь клювач
1394;113;559;-113;193;-113;палтус черный;523;113;палтус черный
1394;147;9385;-147;9385;-147;окунь золотистый;8968;147;окунь золотистый
1394;292;761085;-292;225213;-292;треска;709458;292;треска
1394;408;26131;-408;7466;-408;пикша;25518;408;пикша
1394;410;73618;-410;19087;-410;сайда;73513;410;сайда
1394;610;936;-610;369;-610;зубатка синяя;596;610;зубатка синяя
1394;614;246;-614;246;-614;зубатка пятнистая;246;614;зубатка пятнистая
1394;616;9804;-616;3862;-616;зубатка полосатая;9232;616;зубатка полосатая
1394;714;568;-714;95;-714;камбала ерш;478;714;камбала ерш
1395;112;2045;-112;2045;-112;палтус белокорый;2047;112;палтус белокорый
1395;144;3653;-144;3653;-144;скаты;4311;144;скаты
1395;292;50005;-292;50005;-292;треска;54354;292;треска
1395;400;244454;-400;244454;-400;минтай;223517;400;минтай
1395;403;7863;-403;7863;-403;навага;7863;403;навага
1395;451;49544;-451;49544;-451;камбалы дальневосточные;63917;451;камбалы дальневосточные
1395;677;6786;-677;6786;-677;бычки;8274;677;бычки
1396;112;2173;-112;2173;-112;палтус белокорый;2176;112;палтус белокорый
1396;144;3304;-144;3304;-144;скаты;3304;144;скаты
1396;292;69237;-292;69237;-292;треска;60163;292;треска
1396;400;229597;-400;229597;-400;минтай;212751;400;минтай
1396;403;9955;-403;9955;-403;навага;9955;403;навага
1396;451;136401;-451;136401;-451;камбалы дальневосточные;136164;451;камбалы дальневосточные
1396;677;16330;-677;16330;-677;бычки;15548;677;бычки
1397;400;2597791;-400;1495895;-400;минтай;2589674;400;минтай
1399;400;1052580;-400;10434;-400;минтай;991312;400;минтай
1400;112;4843;-112;4843;-112;палтус белокорый;5537;112;палтус белокорый
1400;292;201329;-292;201329;-292;треска;203470;292;треска
1400;400;22308;-400;22308;-400;минтай;24437;400;минтай
1400;451;177124;-451;177124;-451;камбалы дальневосточные;183709;451;камбалы дальневосточные
1404;88;2112;-88;2112;-88;окунь клювач;2184;88;окунь клювач
1404;147;17005;-147;17005;-147;окунь золотистый;17196;147;окунь золотистый
1404;292;246387;-292;69029;-292;треска;262282;292;треска
1404;408;42910;-408;12261;-408;пикша;43687;408;пикша
1404;410;162566;-410;42147;-410;сайда;174042;410;сайда
1404;714;85;-714;14;-714;камбала ерш;85;714;камбала ерш
1404;779;1224;-779;350;-779;менек;1411;779;менек
1405;400;3069311;-400;912566;-400;минтай;3211798;400;минтай
1410;292;14134;-292;14134;-292;треска;15663;292;треска
1410;400;61457;-400;61457;-400;минтай;73636;400;минтай
1410;451;845;-451;845;-451;камбалы дальневосточные;1450;451;камбалы дальневосточные
1410;677;3421;-677;3421;-677;бычки;4329;677;бычки
1412;400;727222;-400;284410;-400;минтай;705885;400;минтай
1413;294;25932;-294;8422;-294;краб стригун опилио;22873;294;краб стригун опилио
1414;292;24153;-292;7195;-292;треска;50922;292;треска
1414;408;38732;-408;11066;-408;пикша;52948;408;пикша
1414;617;3342;-617;1190;-617;зубатка пестрая;5271;617;зубатка пестрая
1414;714;413;-714;113;-714;камбала ерш;669;714;камбала ерш
1414;721;1983;-721;1983;-721;камбала морская;2086;721;камбала морская
1415;400;3511788;-400;1116807;-400;минтай;3521233;400;минтай
1417;112;341;-112;105;-112;палтус белокорый;312;112;палтус белокорый
1417;114;38;-114;13;-114;палтус стрелозубый;38;114;палтус стрелозубый
1417;292;287898;-292;82633;-292;треска;254621;292;треска
1417;400;108;-400;23;-400;минтай;108;400;минтай
1417;451;66;-451;1;-451;камбалы дальневосточные;66;451;камбалы дальневосточные
1417;677;45;-677;0;-677;бычки;45;677;бычки
1418;861;2092;-861;76;-861;креветка гребенчатая;2063;861;креветка гребенчатая
1419;88;3747;-88;3747;-88;окунь клювач;3749;88;окунь клювач
1419;113;6217;-113;2153;-113;палтус черный;8764;113;палтус черный
1419;147;5046;-147;5046;-147;окунь золотистый;5694;147;окунь золотистый
1419;292;678498;-292;179649;-292;треска;709308;292;треска
1419;408;24094;-408;5791;-408;пикша;25223;408;пикша
1419;410;86601;-410;22452;-410;сайда;86593;410;сайда
1419;610;3337;-610;1314;-610;зубатка синяя;4256;610;зубатка синяя
1419;617;2907;-617;1145;-617;зубатка пестрая;4130;617;зубатка пестрая
1419;714;24522;-714;4087;-714;камбала ерш;26392;714;камбала ерш
1420;292;3285;-292;995;-292;треска;3288;292;треска
1420;408;3451;-408;986;-408;пикша;3451;408;пикша
1421;112;3052;-112;3052;-112;палтус белокорый;4013;112;палтус белокорый
1421;144;3962;-144;3962;-144;скаты;4779;144;скаты
1421;292;97105;-292;97105;-292;треска;72409;292;треска
1421;400;214929;-400;214929;-400;минтай;170865;400;минтай
1421;403;6241;-403;6241;-403;навага;6241;403;навага
1421;451;78515;-451;78515;-451;камбалы дальневосточные;98338;451;камбалы дальневосточные
1421;677;8692;-677;8692;-677;бычки;9829;677;бычки
1422;400;1422101;-400;916687;-400;минтай;1480934;400;минтай
1423;400;1907328;-400;1223009;-400;минтай;1954185;400;минтай
1424;112;1932;-112;643;-112;палтус белокорый;3072;112;палтус белокорый
1424;292;132297;-292;63689;-292;треска;143855;292;треска
1424;451;23205;-451;2965;-451;камбалы дальневосточные;34658;451;камбалы дальневосточные
1425;400;1395920;-400;1395920;-400;минтай;1758784;400;минтай
1425;403;18427;-403;18427;-403;навага;9600;403;навага
1429;113;1623;-113;153;-113;палтус черный;1782;113;палтус черный
1429;292;18053;-292;5566;-292;треска;29782;292;треска
1429;408;119742;-408;32352;-408;пикша;128478;408;пикша
1429;610;3923;-610;1223;-610;зубатка синяя;4228;610;зубатка синяя
1429;614;5731;-614;5731;-614;зубатка пятнистая;6803;614;зубатка пятнистая
1429;714;2395;-714;655;-714;камбала ерш;3427;714;камбала ерш
1429;721;3191;-721;3191;-721;камбала морская;3348;721;камбала морская
1432;400;2749141;-400;1477610;-400;минтай;2952659;400;минтай
1434;88;19421;-88;19421;-88;окунь клювач;19863;88;окунь клювач
1434;147;10496;-147;10496;-147;окунь золотистый;10574;147;окунь золотистый
1434;292;627668;-292;328107;-292;треска;643152;292;треска
1434;408;32437;-408;21871;-408;пикша;32647;408;пикша
1434;410;199168;-410;124503;-410;сайда;209070;410;сайда
1434;610;204;-610;80;-610;зубатка синяя;202;610;зубатка синяя
1434;616;285;-616;112;-616;зубатка полосатая;283;616;зубатка полосатая
1434;617;221;-617;87;-617;зубатка пестрая;247;617;зубатка пестрая
1434;779;1589;-779;454;-779;менек;1580;779;менек
1435;400;1589221;-400;567370;-400;минтай;1599602;400;минтай
1436;113;99;-113;24;-113;палтус черный;99;113;палтус черный
1436;292;55992;-292;18267;-292;треска;54326;292;треска
1436;408;40620;-408;11608;-408;пикша;39455;408;пикша
1436;410;131;-410;45;-410;сайда;101;410;сайда
1436;610;903;-610;298;-610;зубатка синяя;873;610;зубатка синяя
1436;616;55;-616;19;-616;зубатка полосатая;20;616;зубатка полосатая
1436;617;1277;-617;470;-617;зубатка пестрая;1217;617;зубатка пестрая
1436;683;1111;-683;379;-683;окунь морской;1064;683;окунь морской
1436;714;1709;-714;486;-714;камбала ерш;1646;714;камбала ерш
1436;721;446;-721;446;-721;камбала морская;388;721;камбала морская
1437;147;6478;-147;6478;-147;окунь золотистый;6603;147;окунь золотистый
1437;292;317570;-292;91988;-292;треска;328217;292;треска
1437;408;19172;-408;5478;-408;пикша;19207;408;пикша
1437;410;226668;-410;58765;-410;сайда;232114;410;сайда
1438;147;453;-147;453;-147;окунь золотистый;763;147;окунь золотистый
1438;292;20652;-292;12509;-292;треска;20673;292;треска
1438;408;1050;-408;708;-408;пикша;1050;408;пикша
1438;410;4298;-410;2462;-410;сайда;4298;410;сайда
1439;88;5631;-88;5631;-88;окунь клювач;5681;88;окунь клювач
1439;147;8385;-147;8385;-147;окунь золотистый;9115;147;окунь золотистый
1439;292;192412;-292;89248;-292;треска;209113;292;треска
1439;408;20268;-408;6560;-408;пикша;20793;408;пикша
1439;410;50513;-410;31663;-410;сайда;61055;410;сайда
1440;112;1142;-112;381;-112;палтус белокорый;1142;112;палтус белокорый
1440;292;271271;-292;95624;-292;треска;299890;292;треска
1441;400;779890;-400;779890;-400;минтай;780670;400;минтай
1442;112;559;-112;152;-112;палтус белокорый;559;112;палтус белокорый
1442;113;516;-113;69;-113;палтус черный;516;113;палтус черный
1442;292;358047;-292;92854;-292;треска;110199;292;треска
1443;292;20480;-292;20480;-292;треска;25949;292;треска
1443;400;40678;-400;40678;-400;минтай;45872;400;минтай
1443;451;806;-451;806;-451;камбалы дальневосточные;4042;451;камбалы дальневосточные
1443;677;3549;-677;3549;-677;бычки;4432;677;бычки
1444;859;127870;-859;16055;-859;креветка северная;137450;859;креветка северная
1446;88;1695;-88;1695;-88;окунь клювач;1697;88;окунь клювач
1446;113;1084;-113;116;-113;палтус черный;1725;113;палтус черный
1446;147;1832;-147;1832;-147;окунь золотистый;1832;147;окунь золотистый
1446;292;252255;-292;69273;-292;треска;276592;292;треска
1446;408;98284;-408;12071;-408;пикша;108267;408;пикша
1446;410;4060;-410;677;-410;сайда;4060;410;сайда
1446;610;2707;-610;894;-610;зубатка синяя;2389;610;зубатка синяя
1446;617;3506;-617;1294;-617;зубатка пестрая;5510;617;зубатка пестрая
1446;714;1931;-714;536;-714;камбала ерш;2084;714;камбала ерш
1446;721;341;-721;341;-721;камбала морская;1423;721;камбала морская
1448;90;3618;-90;0;-90;зубан;4;90;зубан
1448;286;3672;-286;0;-286;пеламида;3676;286;пеламида
1448;414;4710;-414;0;-414;хек мерлуза;4710;414;хек мерлуза
1448;439;810;-439;810;-439;лещ;378;439;лещ
1448;631;4320;-631;0;-631;сабля рыба;4320;631;сабля рыба
1448;645;45480;-645;0;-645;скумбрия;90900;645;скумбрия
1448;645;45480;-645;0;-645;скумбрия;90900;645;скумбрия
1448;650;3240;-13;3240;-13;тунцы;4968;13;тунцы
1448;650;3240;-13;3240;-13;тунцы;4968;13;тунцы
1448;878;2403;-878;0;-878;лихия;2403;878;лихия
1449;400;2392602;-400;1450830;-400;минтай;2477930;400;минтай
1452;88;3106;-88;3106;-88;окунь клювач;3108;88;окунь клювач
1452;147;7664;-147;7664;-147;окунь золотистый;8647;147;окунь золотистый
1452;292;317123;-292;92676;-292;треска;340079;292;треска
1452;408;27202;-408;7772;-408;пикша;27976;408;пикша
1452;410;66133;-410;17146;-410;сайда;77999;410;сайда
1453;400;38;-400;0;-400;минтай;38;400;минтай
1453;859;118433;-859;6987;-859;креветка северная;114834;859;креветка северная
1453;887;44;-887;2;-887;кальмар тихоокеанский;44;887;кальмар тихоокеанский
1454;400;157534;-400;54799;-400;минтай;155499;400;минтай
1455;147;11039;-147;11039;-147;окунь золотистый;11282;147;окунь золотистый
1455;292;470409;-292;153715;-292;треска;462852;292;треска
1455;408;129694;-408;37079;-408;пикша;128177;408;пикша
1455;410;96292;-410;24978;-410;сайда;96289;410;сайда
1455;610;3313;-610;1312;-610;зубатка синяя;3011;610;зубатка синяя
1455;617;643;-617;258;-617;зубатка пестрая;823;617;зубатка пестрая
1455;714;37;-714;7;-714;камбала ерш;37;714;камбала ерш
1457;88;3577;-88;3577;-88;окунь клювач;3154;88;окунь клювач
1457;113;164;-113;58;-113;палтус черный;77;113;палтус черный
1457;147;2814;-147;2814;-147;окунь золотистый;2103;147;окунь золотистый
1457;292;110744;-292;29560;-292;треска;90509;292;треска
1457;408;6306;-408;1807;-408;пикша;5540;408;пикша
1457;410;6859;-410;1785;-410;сайда;6819;410;сайда
1457;610;655;-610;259;-610;зубатка синяя;160;610;зубатка синяя
1457;616;1776;-616;702;-616;зубатка полосатая;898;616;зубатка полосатая
1457;617;114;-617;45;-617;зубатка пестрая;60;617;зубатка пестрая
1457;714;1244;-714;209;-714;камбала ерш;588;714;камбала ерш
1457;779;516;-779;149;-779;менек;516;779;менек
1458;292;287721;-292;76731;-292;треска;209705;292;треска
1460;88;12833;-88;12833;-88;окунь клювач;12754;88;окунь клювач
1460;147;13750;-147;13750;-147;окунь золотистый;13336;147;окунь золотистый
1460;292;643167;-292;170937;-292;треска;683519;292;треска
1460;408;46357;-408;13245;-408;пикша;40885;408;пикша
1460;410;268279;-410;66406;-410;сайда;311282;410;сайда
1460;616;369;-616;145;-616;зубатка полосатая;413;616;зубатка полосатая
1460;617;675;-617;266;-617;зубатка пестрая;708;617;зубатка пестрая
1460;714;300;-714;50;-714;камбала ерш;199;714;камбала ерш
1460;779;2879;-779;823;-779;менек;3073;779;менек
1461;400;1519571;-400;968355;-400;минтай;1541871;400;минтай
1462;144;4630;-144;4630;-144;скаты;5500;144;скаты
1462;292;2530;-292;2530;-292;треска;2382;292;треска
1462;400;85270;-400;85270;-400;минтай;65336;400;минтай
1462;403;1150;-403;1150;-403;навага;1150;403;навага
1462;451;150240;-451;150240;-451;камбалы дальневосточные;150520;451;камбалы дальневосточные
1462;677;8660;-677;8660;-677;бычки;8060;677;бычки
1462;888;2080;-888;2080;-888;кальмар командорский;2150;888;кальмар командорский
1463;400;1629144;-400;16139;-400;минтай;1669552;400;минтай
1464;113;614;-113;149;-113;палтус черный;562;113;палтус черный
1464;147;683;-147;683;-147;окунь золотистый;615;147;окунь золотистый
1464;292;108067;-292;31417;-292;треска;139189;292;треска
1464;408;46998;-408;13333;-408;пикша;53234;408;пикша
1464;610;2465;-610;814;-610;зубатка синяя;2689;610;зубатка синяя
1464;617;2753;-617;1013;-617;зубатка пестрая;2911;617;зубатка пестрая
1464;714;1817;-714;517;-714;камбала ерш;2166;714;камбала ерш
1465;861;362;-861;14;-861;креветка гребенчатая;312;861;креветка гребенчатая
1467;859;58594;-859;4330;-859;креветка северная;61214;859;креветка северная
1468;400;5259059;-400;3460463;-400;минтай;5315558;400;минтай
1469;400;2626493;-400;1404212;-400;минтай;2613873;400;минтай
1470;113;755;-113;183;-113;палтус черный;887;113;палтус черный
1470;147;350;-147;350;-147;окунь золотистый;350;147;окунь золотистый
1470;292;64946;-292;19650;-292;треска;77166;292;треска
1470;408;40056;-408;11445;-408;пикша;42828;408;пикша
1470;610;4002;-610;1322;-610;зубатка синяя;4449;610;зубатка синяя
1470;617;4229;-617;1556;-617;зубатка пестрая;4625;617;зубатка пестрая
1470;714;1814;-714;516;-714;камбала ерш;2065;714;камбала ерш
1470;721;65;-721;65;-721;камбала морская;326;721;камбала морская
1471;400;4107881;-400;1214448;-400;минтай;4360569;400;минтай
1473;222;1989253;-222;1982353;-222;сардина иваси;2080452;222;сардина иваси
1473;645;3823095;-645;37851;-645;скумбрия;8173570;645;скумбрия
1473;645;3823095;-645;37851;-645;скумбрия;8173570;645;скумбрия
1474;112;2328;-112;2328;-112;палтус белокорый;2331;112;палтус белокорый
1474;144;2906;-144;2906;-144;скаты;2906;144;скаты
1474;292;50401;-292;50401;-292;треска;35868;292;треска
1474;400;200450;-400;200450;-400;минтай;174102;400;минтай
1474;403;10452;-403;10452;-403;навага;10452;403;навага
1474;451;139401;-451;139401;-451;камбалы дальневосточные;131533;451;камбалы дальневосточные
1474;677;13344;-677;13344;-677;бычки;11479;677;бычки
1476;292;100307;-292;64757;-292;треска;100406;292;треска
1476;451;82258;-451;35356;-451;камбалы дальневосточные;82258;451;камбалы дальневосточные
1477;487;284;-487;4;-487;луфарь;284;487;луфарь
1478;88;1703;-88;1703;-88;окунь клювач;1703;88;окунь клювач
1478;113;1201;-113;128;-113;палтус черный;1595;113;палтус черный
1478;147;3346;-147;3346;-147;окунь золотистый;3413;147;окунь золотистый
1478;292;469134;-292;149616;-292;треска;513202;292;треска
1478;408;167975;-408;20628;-408;пикша;178819;408;пикша
1478;410;7882;-410;1515;-410;сайда;7881;410;сайда
1478;610;840;-610;277;-610;зубатка синяя;1169;610;зубатка синяя
1478;617;4532;-617;1667;-617;зубатка пестрая;4492;617;зубатка пестрая
1478;714;6032;-714;1714;-714;камбала ерш;6300;714;камбала ерш
1482;400;5088469;-400;3404050;-400;минтай;5028097;400;минтай
1485;400;2012649;-400;1093522;-400;минтай;2234267;400;минтай
1486;204;1232396;-204;1232396;-204;сельдь тихоокеанская;1037379;204;сельдь тихоокеанская
1486;400;2138282;-400;21177;-400;минтай;2140420;400;минтай
1491;144;790;-144;790;-144;скаты;60;144;скаты
1491;292;1800;-292;1800;-292;треска;250;292;треска
1491;400;216500;-400;216500;-400;минтай;76076;400;минтай
1491;451;44800;-451;44800;-451;камбалы дальневосточные;5200;451;камбалы дальневосточные
1491;677;1950;-677;1950;-677;бычки;400;677;бычки
1493;400;1425480;-400;14114;-400;минтай;1474029;400;минтай
1496;88;188517;-88;188517;-88;окунь клювач;188848;88;окунь клювач
1496;113;4532;-113;3947;-113;палтус черный;4565;113;палтус черный
1496;147;8170;-147;8170;-147;окунь золотистый;9190;147;окунь золотистый
1496;292;324417;-292;94827;-292;треска;380766;292;треска
1496;408;87606;-408;25030;-408;пикша;95065;408;пикша
1496;410;6866;-410;1780;-410;сайда;6974;410;сайда
1496;610;1419;-610;559;-610;зубатка синяя;1749;610;зубатка синяя
1496;617;891;-617;351;-617;зубатка пестрая;1320;617;зубатка пестрая
1496;714;690;-714;115;-714;камбала ерш;954;714;камбала ерш
1497;853;59293;-853;59293;-853;краб стригун бэрди;59293;853;краб стригун бэрди
1498;113;9685;-113;1105;-113;палтус черный;9685;113;палтус черный
1498;144;278;-144;186;-144;скаты;278;144;скаты
1498;292;96893;-292;30222;-292;треска;96991;292;треска
1498;408;11;-408;3;-408;пикша;11;408;пикша
1498;610;122067;-610;48087;-610;зубатка синяя;122067;610;зубатка синяя
1498;617;17622;-617;6942;-617;зубатка пестрая;17622;617;зубатка пестрая
1498;714;1692;-714;282;-714;камбала ерш;1692;714;камбала ерш
1499;409;310273;-409;1543;-409;путассу северная;637203;409;путассу северная
1500;113;1307;-113;140;-113;палтус черный;1308;113;палтус черный
1500;147;13028;-147;13028;-147;окунь золотистый;13028;147;окунь золотистый
1500;292;450429;-292;56171;-292;треска;519113;292;треска
1500;408;145483;-408;17866;-408;пикша;156061;408;пикша
1500;410;2108;-410;351;-410;сайда;2108;410;сайда
1500;610;4652;-610;1547;-610;зубатка синяя;4650;610;зубатка синяя
1500;617;3796;-617;1402;-617;зубатка пестрая;3797;617;зубатка пестрая
1500;714;1789;-714;508;-714;камбала ерш;1416;714;камбала ерш
1501;112;3287;-112;3287;-112;палтус белокорый;4023;112;палтус белокорый
1501;292;132469;-292;132469;-292;треска;133714;292;треска
1501;400;18393;-400;18393;-400;минтай;19748;400;минтай
1501;451;82113;-451;82113;-451;камбалы дальневосточные;86813;451;камбалы дальневосточные
1502;88;332;-88;332;-88;окунь клювач;333;88;окунь клювач
1502;147;6298;-147;6298;-147;окунь золотистый;6431;147;окунь золотистый
1502;292;345655;-292;110722;-292;треска;384901;292;треска
1502;408;12068;-408;3448;-408;пикша;13232;408;пикша
1502;410;240796;-410;62430;-410;сайда;292594;410;сайда
1503;204;3465557;-204;3422997;-204;сельдь тихоокеанская;3600713;204;сельдь тихоокеанская
1504;88;3684;-88;3684;-88;окунь клювач;3686;88;окунь клювач
1504;147;13162;-147;13162;-147;окунь золотистый;12813;147;окунь золотистый
1504;292;445106;-292;256961;-292;треска;352056;292;треска
1504;408;164632;-408;109025;-408;пикша;164623;408;пикша
1504;410;8512;-410;4971;-410;сайда;8504;410;сайда
1504;610;488;-610;192;-610;зубатка синяя;484;610;зубатка синяя
1504;616;541;-616;213;-616;зубатка полосатая;471;616;зубатка полосатая
1504;617;424;-617;167;-617;зубатка пестрая;421;617;зубатка пестрая
1504;714;56;-714;9;-714;камбала ерш;56;714;камбала ерш
1505;400;1636876;-400;16219;-400;минтай;1624421;400;минтай
1506;400;2475272;-400;1327024;-400;минтай;2627240;400;минтай
1510;292;23913;-292;0;-292;треска;3932844;292;треска
1510;400;259365;-400;0;-400;минтай;259624;400;минтай
1510;451;1778;-451;0;-451;камбалы дальневосточные;1778;451;камбалы дальневосточные
1510;677;1507;-677;0;-677;бычки;1507;677;бычки
1512;859;57654;-859;4446;-859;креветка северная;57402;859;креветка северная
1513;400;3228734;-400;958475;-400;минтай;3479503;400;минтай
1514;113;835;-113;263;-113;палтус черный;762;113;палтус черный
1514;147;303;-147;303;-147;окунь золотистый;379;147;окунь золотистый
1514;292;38926;-292;11632;-292;треска;52254;292;треска
1514;408;51177;-408;14622;-408;пикша;52311;408;пикша
1514;610;583;-610;193;-610;зубатка синяя;1204;610;зубатка синяя
1514;616;155;-616;55;-616;зубатка полосатая;155;616;зубатка полосатая
1514;617;870;-617;320;-617;зубатка пестрая;1378;617;зубатка пестрая
1514;714;936;-714;266;-714;камбала ерш;1247;714;камбала ерш
1514;721;2222;-721;2222;-721;камбала морская;2305;721;камбала морская
1515;113;15560;-113;12191;-113;палтус черный;16276;113;палтус черный
1515;144;1076;-144;728;-144;скаты;1886;144;скаты
1515;292;162637;-292;47554;-292;треска;171916;292;треска
1515;408;86213;-408;23544;-408;пикша;95829;408;пикша
1515;610;69536;-610;26282;-610;зубатка синяя;69429;610;зубатка синяя
1515;617;27702;-617;10463;-617;зубатка пестрая;28373;617;зубатка пестрая
1515;714;356;-714;59;-714;камбала ерш;355;714;камбала ерш
1517;112;350;-112;109;-112;палтус белокорый;505;112;палтус белокорый
1517;144;275;-144;190;-144;скаты;146;144;скаты
1517;292;311894;-292;88084;-292;треска;285765;292;треска
1518;88;237299;-88;237299;-88;окунь клювач;167479;88;окунь клювач
1518;113;9187;-113;823;-113;палтус черный;5424;113;палтус черный
1518;292;6503;-292;2090;-292;треска;7691;292;треска
1518;408;4454;-408;1273;-408;пикша;5804;408;пикша
1518;610;5989;-610;2359;-610;зубатка синяя;2130;610;зубатка синяя
1521;88;8209;-88;8209;-88;окунь клювач;8578;88;окунь клювач
1521;147;9317;-147;9317;-147;окунь золотистый;9493;147;окунь золотистый
1521;292;454144;-292;129669;-292;треска;472997;292;треска
1521;408;33221;-408;8449;-408;пикша;35670;408;пикша
1521;410;43592;-410;11303;-410;сайда;43592;410;сайда
1521;610;1403;-610;553;-610;зубатка синяя;1568;610;зубатка синяя
1522;859;61991;-859;5171;-859;креветка северная;60677;859;креветка северная
1526;222;1757628;-222;1690908;-222;сардина иваси;1934322;222;сардина иваси
1526;400;696262;-400;222387;-400;минтай;73670;400;минтай
1526;645;3544038;-645;85550;-645;скумбрия;8140320;645;скумбрия
1526;645;3544038;-645;85550;-645;скумбрия;8140320;645;скумбрия
1528;88;15763;-88;15763;-88;окунь клювач;15056;88;окунь клювач
1528;113;37;-113;13;-113;палтус черный;552;113;палтус черный
1528;292;263276;-292;78179;-292;треска;274200;292;треска
1528;408;21479;-408;6137;-408;пикша;23727;408;пикша
1528;410;35149;-410;9113;-410;сайда;35149;410;сайда
1528;610;641;-610;210;-610;зубатка синяя;978;610;зубатка синяя
1528;614;452;-614;452;-614;зубатка пятнистая;707;614;зубатка пятнистая
1528;714;259;-714;63;-714;камбала ерш;592;714;камбала ерш
1530;853;51630;-853;20807;-853;краб стригун бэрди;56278;853;краб стригун бэрди
1531;400;3810412;-400;1113891;-400;минтай;4071344;400;минтай
1532;294;397;-294;397;-294;краб стригун опилио;398;294;краб стригун опилио
1532;847;28133;-847;28133;-847;краб синий;23752;847;краб синий
1533;88;15462;-88;15462;-88;окунь клювач;15474;88;окунь клювач
1533;147;4555;-147;4555;-147;окунь золотистый;4547;147;окунь золотистый
1533;292;467894;-292;282195;-292;треска;475531;292;треска
1533;408;16934;-408;11448;-408;пикша;19164;408;пикша
1533;410;78858;-410;47490;-410;сайда;78848;410;сайда
1533;610;57;-610;22;-610;зубатка синяя;160;610;зубатка синяя
1533;617;34;-617;13;-617;зубатка пестрая;34;617;зубатка пестрая
1534;400;2262645;-400;1216017;-400;минтай;2377631;400;минтай
1537;859;58702;-859;4354;-859;креветка северная;61018;859;креветка северная
1538;400;8300019;-400;3056609;-400;минтай;8654346;400;минтай
1539;853;64646;-853;25468;-853;краб стригун бэрди;101723;853;краб стригун бэрди
1542;400;3712833;-400;1194329;-400;минтай;2229927;400;минтай
1544;847;38739;-847;38739;-847;краб синий;43942;847;краб синий
1545;400;338699;-400;132578;-400;минтай;350736;400;минтай
1546;294;30651;-294;1;-294;краб стригун опилио;37371;294;краб стригун опилио
1550;400;3324091;-400;1002454;-400;минтай;3407883;400;минтай
1552;90;7992;-90;0;-90;зубан;10;90;зубан
1552;431;3977;-431;-1;-431;солнечник;3978;431;солнечник
1552;439;42534;-439;42534;-439;лещ;40498;439;лещ
1552;631;11574;-631;0;-631;сабля рыба;11448;631;сабля рыба
1552;955;5220;-955;0;-955;кефаль;6138;955;кефаль
1554;859;83300;-859;9375;-859;креветка северная;88156;859;креветка северная
1555;847;50063;-847;1;-847;краб синий;54430;847;краб синий
1556;400;4610004;-400;1323483;-400;минтай;4895315;400;минтай
1557;88;2800;-88;2800;-88;окунь клювач;1928;88;окунь клювач
1557;147;5704;-147;5704;-147;окунь золотистый;5704;147;окунь золотистый
1557;292;305451;-292;75416;-292;треска;293199;292;треска
1557;408;19004;-408;5430;-408;пикша;18409;408;пикша
1557;410;41907;-410;10865;-410;сайда;40124;410;сайда
1557;610;99;-610;39;-610;зубатка синяя;99;610;зубатка синяя
1557;617;139;-617;55;-617;зубатка пестрая;139;617;зубатка пестрая
1558;112;5484;-112;5484;-112;палтус белокорый;5490;112;палтус белокорый
1558;292;81128;-292;81128;-292;треска;81210;292;треска
1558;400;185651;-400;185651;-400;минтай;185836;400;минтай
1558;403;49654;-403;49654;-403;навага;49654;403;навага
1558;451;390544;-451;390544;-451;камбалы дальневосточные;477544;451;камбалы дальневосточные
1558;677;94184;-677;94184;-677;бычки;102184;677;бычки
1559;88;23349;-88;23349;-88;окунь клювач;23367;88;окунь клювач
1559;113;587;-113;203;-113;палтус черный;617;113;палтус черный
1559;147;13478;-147;13478;-147;окунь золотистый;11740;147;окунь золотистый
1559;292;690830;-292;446354;-292;треска;657771;292;треска
1559;408;220465;-408;129019;-408;пикша;221578;408;пикша
1559;410;22652;-410;14568;-410;сайда;22651;410;сайда
1559;610;2230;-610;885;-610;зубатка синяя;2686;610;зубатка синяя
1559;617;1290;-617;515;-617;зубатка пестрая;1872;617;зубатка пестрая
1559;714;201;-714;33;-714;камбала ерш;344;714;камбала ерш
1560;112;1658;-112;1658;-112;палтус белокорый;1659;112;палтус белокорый
1560;292;49378;-292;49378;-292;треска;50834;292;треска
1560;400;206107;-400;206107;-400;минтай;231713;400;минтай
1560;403;342462;-403;342462;-403;навага;398512;403;навага
1560;451;653072;-451;653072;-451;камбалы дальневосточные;812986;451;камбалы дальневосточные
1560;457;367;-457;367;-457;корюшка азиатская зубастая;367;457;корюшка азиатская зубастая
1560;677;172148;-677;172148;-677;бычки;208072;677;бычки
1562;113;7688;-113;616;-113;палтус черный;8913;113;палтус черный
1562;144;8192;-144;6144;-144;скаты;8576;144;скаты
1562;292;89655;-292;26813;-292;треска;99699;292;треска
1562;408;1075;-408;307;-408;пикша;1289;408;пикша
1562;610;59980;-610;23628;-610;зубатка синяя;64838;610;зубатка синяя
1562;617;24499;-617;9651;-617;зубатка пестрая;28774;617;зубатка пестрая
1562;714;114;-714;18;-714;камбала ерш;115;714;камбала ерш
1563;853;142209;-853;56049;-853;краб стригун бэрди;158660;853;краб стригун бэрди
1564;400;1092811;-400;361122;-400;минтай;957903;400;минтай
1565;400;2907064;-400;874751;-400;минтай;2961159;400;минтай
1566;400;1649152;-400;1649152;-400;минтай;1278971;400;минтай
1568;400;1588059;-400;1588059;-400;минтай;1070005;400;минтай
1573;292;111000;-292;33100;-292;треска;750;292;треска
1573;408;52164;-408;14604;-408;пикша;126;408;пикша
1573;410;4801;-410;1551;-410;сайда;4800;410;сайда
1573;610;2687;-610;887;-610;зубатка синяя;2688;610;зубатка синяя
1573;616;218;-616;78;-616;зубатка полосатая;218;616;зубатка полосатая
1573;617;2531;-617;931;-617;зубатка пестрая;2531;617;зубатка пестрая
1573;714;2851;-714;811;-714;камбала ерш;2851;714;камбала ерш
1573;721;3921;-721;3921;-721;камбала морская;3924;721;камбала морская
1574;292;1111;-292;561;-292;треска;1112;292;треска
1574;400;27903;-400;11097;-400;минтай;155;400;минтай
1574;451;39133;-451;38693;-451;камбалы дальневосточные;189;451;камбалы дальневосточные
1576;144;1220;-144;1220;-144;скаты;1370;144;скаты
1576;292;2730;-292;2730;-292;треска;2882;292;треска
1576;400;257600;-400;257600;-400;минтай;282585;400;минтай
1576;451;40650;-451;40650;-451;камбалы дальневосточные;48550;451;камбалы дальневосточные
1576;677;1570;-677;1570;-677;бычки;1770;677;бычки
1576;888;3210;-888;3210;-888;кальмар командорский;3363;888;кальмар командорский
1577;112;479;-112;262;-112;палтус белокорый;607;112;палтус белокорый
1577;113;18538;-113;4384;-113;палтус черный;18913;113;палтус черный
1577;144;70541;-144;53774;-144;скаты;71970;144;скаты
1577;292;121869;-292;46119;-292;треска;134906;292;треска
1577;400;9995;-400;4329;-400;минтай;8924;400;минтай
1580;292;48382;-292;13726;-292;треска;44573;292;треска
1580;408;2690;-408;769;-408;пикша;2621;408;пикша
1580;410;26754;-410;6936;-410;сайда;25484;410;сайда
1580;617;60;-617;24;-617;зубатка пестрая;60;617;зубатка пестрая
1580;683;3672;-683;1447;-683;окунь морской;3567;683;окунь морской
1583;147;3584;-147;3584;-147;окунь золотистый;2129;147;окунь золотистый
1583;292;99060;-292;31400;-292;треска;88960;292;треска
1583;408;17447;-408;4985;-408;пикша;11682;408;пикша
1583;610;1743;-610;687;-610;зубатка синяя;1208;610;зубатка синяя
1583;616;2030;-616;800;-616;зубатка полосатая;1043;616;зубатка полосатая
1583;617;300;-617;118;-617;зубатка пестрая;236;617;зубатка пестрая
1584;204;153180;-204;153180;-204;сельдь тихоокеанская;153180;204;сельдь тихоокеанская
1584;222;3;-222;0;-222;сардина иваси;3;222;сардина иваси
1584;400;1008542;-400;0;-400;минтай;1009552;400;минтай
1584;683;3;-683;0;-683;окунь морской;3;683;окунь морской
1584;887;4560;-887;0;-887;кальмар тихоокеанский;4565;887;кальмар тихоокеанский
1585;113;1659;-113;575;-113;палтус черный;1659;113;палтус черный
1585;147;2768;-147;2768;-147;окунь золотистый;2768;147;окунь золотистый
1585;292;190172;-292;83813;-292;треска;190361;292;треска
1585;408;5377;-408;1537;-408;пикша;5377;408;пикша
1585;410;121816;-410;33579;-410;сайда;121816;410;сайда
1586;304;3925461;-304;183861;-304;мойва;3782476;304;мойва
1587;859;24600;-859;1644;-859;креветка северная;25931;859;креветка северная
1588;713;6;-713;0;-713;камбала;6;713;камбала
1588;859;82091;-859;6307;-859;креветка северная;81763;859;креветка северная
1589;113;24447;-113;8468;-113;палтус черный;26645;113;палтус черный
1589;147;44;-147;44;-147;окунь золотистый;630;147;окунь золотистый
1589;292;884030;-292;569162;-292;треска;900117;292;треска
1589;408;2209;-408;1544;-408;пикша;3186;408;пикша
1589;610;13759;-610;5420;-610;зубатка синяя;15092;610;зубатка синяя
1589;617;14793;-617;5827;-617;зубатка пестрая;16014;617;зубатка пестрая
1589;714;94561;-714;15760;-714;камбала ерш;96114;714;камбала ерш
1590;88;5913;-88;5913;-88;окунь клювач;5918;88;окунь клювач
1590;147;6814;-147;6814;-147;окунь золотистый;5388;147;окунь золотистый
1590;292;645121;-292;269486;-292;треска;510436;292;треска
1590;408;26595;-408;10481;-408;пикша;24286;408;пикша
1590;410;91152;-410;23000;-410;сайда;91048;410;сайда
1590;610;990;-610;390;-610;зубатка синяя;453;610;зубатка синяя
1590;616;8135;-616;3205;-616;зубатка полосатая;4387;616;зубатка полосатая
1590;617;351;-617;138;-617;зубатка пестрая;209;617;зубатка пестрая
1590;714;262;-714;44;-714;камбала ерш;62;714;камбала ерш
1590;779;976;-779;279;-779;менек;976;779;менек
1591;847;19545;-847;19545;-847;краб синий;11903;847;краб синий
1591;853;47778;-853;47778;-853;краб стригун бэрди;56991;853;краб стригун бэрди
1592;88;38572;-88;38572;-88;окунь клювач;41052;88;окунь клювач
1592;147;9512;-147;9512;-147;окунь золотистый;8629;147;окунь золотистый
1592;292;915506;-292;398595;-292;треска;833137;292;треска
1592;408;68255;-408;23592;-408;пикша;70539;408;пикша
1592;410;96244;-410;24964;-410;сайда;110307;410;сайда
1592;610;1265;-610;500;-610;зубатка синяя;553;610;зубатка синяя
1592;616;2753;-616;1085;-616;зубатка полосатая;1234;616;зубатка полосатая
1592;617;308;-617;123;-617;зубатка пестрая;164;617;зубатка пестрая
1592;714;951;-714;159;-714;камбала ерш;291;714;камбала ерш
1593;400;2577153;-400;1549009;-400;минтай;2979871;400;минтай
1594;112;1335;-112;397;-112;палтус белокорый;1478;112;палтус белокорый
1594;292;315824;-292;126368;-292;треска;319185;292;треска
1597;112;657;-112;209;-112;палтус белокорый;1358;112;палтус белокорый
1597;292;200633;-292;67986;-292;треска;233896;292;треска
1598;292;300744;-292;84619;-292;треска;119717;292;треска
1600;112;151;-112;45;-112;палтус белокорый;412;112;палтус белокорый
1600;292;207357;-292;66459;-292;треска;192742;292;треска
1603;292;90750;-292;26500;-292;треска;2911;292;треска
1603;408;81760;-408;23360;-408;пикша;840;408;пикша
1603;410;14976;-410;5149;-410;сайда;14707;410;сайда
1603;610;2239;-610;739;-610;зубатка синяя;2538;610;зубатка синяя
1603;616;465;-616;165;-616;зубатка полосатая;544;616;зубатка полосатая
1603;617;3323;-617;1223;-617;зубатка пестрая;4825;617;зубатка пестрая
1603;714;2446;-714;696;-714;камбала ерш;2794;714;камбала ерш
1603;721;9281;-721;9281;-721;камбала морская;10859;721;камбала морская
1604;400;441473;-400;247371;-400;минтай;354716;400;минтай
1605;400;2525279;-400;858998;-400;минтай;2438074;400;минтай
1606;88;2016;-88;2016;-88;окунь клювач;1973;88;окунь клювач
1606;147;1516;-147;1516;-147;окунь золотистый;2026;147;окунь золотистый
1606;292;830278;-292;530087;-292;треска;807234;292;треска
1606;408;1436;-408;721;-408;пикша;1927;408;пикша
1606;610;15012;-610;5925;-610;зубатка синяя;14833;610;зубатка синяя
1606;616;6514;-616;2574;-616;зубатка полосатая;2969;616;зубатка полосатая
1606;617;15172;-617;5987;-617;зубатка пестрая;15454;617;зубатка пестрая
1606;714;80570;-714;13440;-714;камбала ерш;80553;714;камбала ерш
1607;88;1349;-88;1349;-88;окунь клювач;1539;88;окунь клювач
1607;147;9552;-147;9552;-147;окунь золотистый;11198;147;окунь золотистый
1607;292;164482;-292;66155;-292;треска;175609;292;треска
1607;408;16983;-408;5747;-408;пикша;18568;408;пикша
1607;410;42426;-410;25990;-410;сайда;47567;410;сайда
1607;616;74;-616;29;-616;зубатка полосатая;74;616;зубатка полосатая
1607;617;89;-617;35;-617;зубатка пестрая;89;617;зубатка пестрая
1607;714;380;-714;63;-714;камбала ерш;506;714;камбала ерш
1607;779;50;-779;14;-779;менек;50;779;менек
1608;409;47760;-409;0;-409;путассу северная;47760;409;путассу северная
1609;88;318308;-88;318308;-88;окунь клювач;315773;88;окунь клювач
1609;113;3611;-113;3261;-113;палтус черный;3611;113;палтус черный
1609;147;5265;-147;5265;-147;окунь золотистый;5119;147;окунь золотистый
1609;292;279065;-292;82610;-292;треска;272140;292;треска
1609;408;84847;-408;24244;-408;пикша;82565;408;пикша
1609;410;42821;-410;11102;-410;сайда;53933;410;сайда
1609;610;1225;-610;483;-610;зубатка синяя;786;610;зубатка синяя
1609;616;689;-616;271;-616;зубатка полосатая;539;616;зубатка полосатая
1609;617;315;-617;124;-617;зубатка пестрая;447;617;зубатка пестрая
1609;714;450;-714;75;-714;камбала ерш;390;714;камбала ерш
1610;88;1797;-88;1797;-88;окунь клювач;1798;88;окунь клювач
1610;147;3549;-147;3549;-147;окунь золотистый;3549;147;окунь золотистый
1610;292;83334;-292;22808;-292;треска;83418;292;треска
1610;408;12950;-408;3700;-408;пикша;12950;408;пикша
1610;410;62215;-410;16130;-410;сайда;62215;410;сайда
1610;779;393;-779;112;-779;менек;393;779;менек
1611;113;792;-113;132;-113;палтус черный;831;113;палтус черный
1611;292;91440;-292;23699;-292;треска;102656;292;треска
1611;408;123774;-408;32664;-408;пикша;128520;408;пикша
1611;610;3749;-610;1169;-610;зубатка синяя;4403;610;зубатка синяя
1611;616;91;-616;31;-616;зубатка полосатая;137;616;зубатка полосатая
1611;617;7454;-617;2654;-617;зубатка пестрая;9970;617;зубатка пестрая
1611;683;2322;-683;762;-683;окунь морской;2326;683;окунь морской
1611;714;4764;-714;1554;-714;камбала ерш;5120;714;камбала ерш
1611;721;308;-721;308;-721;камбала морская;615;721;камбала морская
1612;400;3279997;-400;990454;-400;минтай;3399301;400;минтай
1613;409;302013;-409;1503;-409;путассу северная;302013;409;путассу северная
1614;400;3000748;-400;890002;-400;минтай;2799232;400;минтай
1615;292;81539;-292;24655;-292;треска;78828;292;треска
1615;408;30450;-408;8700;-408;пикша;27342;408;пикша
1615;610;567;-610;177;-610;зубатка синяя;480;610;зубатка синяя
1615;617;1258;-617;448;-617;зубатка пестрая;1118;617;зубатка пестрая
1615;714;248;-714;68;-714;камбала ерш;207;714;камбала ерш
1616;112;1729;-112;1729;-112;палтус белокорый;1730;112;палтус белокорый
1616;292;63612;-292;63612;-292;треска;48103;292;треска
1616;400;199156;-400;199156;-400;минтай;231425;400;минтай
1616;403;360011;-403;360011;-403;навага;492113;403;навага
1616;451;758409;-451;758409;-451;камбалы дальневосточные;802274;451;камбалы дальневосточные
1616;457;3113;-457;3113;-457;корюшка азиатская зубастая;3440;457;корюшка азиатская зубастая
1616;677;142661;-677;142661;-677;бычки;145655;677;бычки
1617;294;7601;-294;0;-294;краб стригун опилио;6244;294;краб стригун опилио
1619;113;10179;-113;1027;-113;палтус черный;10222;113;палтус черный
1619;144;10496;-144;7872;-144;скаты;11904;144;скаты
1619;292;38840;-292;12627;-292;треска;44309;292;треска
1619;408;10931;-408;3123;-408;пикша;21101;408;пикша
1619;610;78851;-610;30787;-610;зубатка синяя;81269;610;зубатка синяя
1619;617;13278;-617;5118;-617;зубатка пестрая;15713;617;зубатка пестрая
1619;714;1471;-714;255;-714;камбала ерш;1515;714;камбала ерш
1621;88;11412;-88;11412;-88;окунь клювач;10557;88;окунь клювач
1621;147;3400;-147;3400;-147;окунь золотистый;2108;147;окунь золотистый
1621;292;250145;-292;79337;-292;треска;206036;292;треска
1621;408;18152;-408;6361;-408;пикша;15603;408;пикша
1621;410;22772;-410;6671;-410;сайда;22610;410;сайда
1621;610;721;-610;284;-610;зубатка синяя;475;610;зубатка синяя
1621;616;1126;-616;443;-616;зубатка полосатая;1001;616;зубатка полосатая
1621;617;59;-617;23;-617;зубатка пестрая;59;617;зубатка пестрая
1621;714;259;-714;43;-714;камбала ерш;259;714;камбала ерш
1622;847;50818;-847;50818;-847;краб синий;53331;847;краб синий
1624;88;3396;-88;3396;-88;окунь клювач;3351;88;окунь клювач
1624;147;10066;-147;10066;-147;окунь золотистый;9471;147;окунь золотистый
1624;292;484891;-292;267290;-292;треска;474353;292;треска
1624;408;16547;-408;11330;-408;пикша;18172;408;пикша
1624;410;152528;-410;97411;-410;сайда;170249;410;сайда
1624;610;611;-610;241;-610;зубатка синяя;221;610;зубатка синяя
1624;616;976;-616;385;-616;зубатка полосатая;364;616;зубатка полосатая
1624;714;994;-714;166;-714;камбала ерш;355;714;камбала ерш
1624;779;245;-779;70;-779;менек;451;779;менек
1625;859;116124;-859;49558;-859;креветка северная;107491;859;креветка северная
1626;144;2340;-144;2340;-144;скаты;2240;144;скаты
1626;292;4370;-292;4370;-292;треска;4725;292;треска
1626;400;86400;-400;86400;-400;минтай;78278;400;минтай
1626;403;150;-403;150;-403;навага;150;403;навага
1626;451;51900;-451;51900;-451;камбалы дальневосточные;53650;451;камбалы дальневосточные
1626;677;3440;-677;3440;-677;бычки;3040;677;бычки
1626;888;2080;-888;2080;-888;кальмар командорский;2081;888;кальмар командорский
1627;304;1692504;-304;0;-304;мойва;1562956;304;мойва
1628;400;3877596;-400;1314911;-400;минтай;4200141;400;минтай
1629;853;115076;-853;39210;-853;краб стригун бэрди;115076;853;краб стригун бэрди
1634;400;2434688;-400;1479542;-400;минтай;2506922;400;минтай
1635;112;1129;-112;364;-112;палтус белокорый;1129;112;палтус белокорый
1635;292;373119;-292;178200;-292;треска;350824;292;треска
1637;861;3874;-861;526;-861;креветка гребенчатая;2866;861;креветка гребенчатая
1639;304;1334920;-304;92028;-304;мойва;1116918;304;мойва
1641;409;198937;-409;397;-409;путассу северная;198937;409;путассу северная
1642;113;873;-113;93;-113;палтус черный;1653;113;палтус черный
1642;144;90;-144;60;-144;скаты;90;144;скаты
1642;292;15075;-292;4485;-292;треска;30540;292;треска
1642;408;84;-408;24;-408;пикша;378;408;пикша
1642;610;11039;-610;4349;-610;зубатка синяя;13118;610;зубатка синяя
1642;617;1534;-617;604;-617;зубатка пестрая;1930;617;зубатка пестрая
1642;714;36;-714;6;-714;камбала ерш;108;714;камбала ерш
1643;88;4524;-88;4524;-88;окунь клювач;4851;88;окунь клювач
1643;147;10530;-147;10530;-147;окунь золотистый;11035;147;окунь золотистый
1643;292;533584;-292;319607;-292;треска;563953;292;треска
1643;408;48342;-408;32550;-408;пикша;50401;408;пикша
1643;410;22195;-410;14283;-410;сайда;22190;410;сайда
1643;610;625;-610;246;-610;зубатка синяя;1062;610;зубатка синяя
1643;617;643;-617;253;-617;зубатка пестрая;871;617;зубатка пестрая
1643;714;285;-714;47;-714;камбала ерш;459;714;камбала ерш
1644;204;2707351;-204;2707351;-204;сельдь тихоокеанская;40310;204;сельдь тихоокеанская
1645;294;62654;-294;20349;-294;краб стригун опилио;68706;294;краб стригун опилио
1647;112;960;-112;317;-112;палтус белокорый;1298;112;палтус белокорый
1647;292;202332;-292;68538;-292;треска;201338;292;треска
1653;400;817837;-400;284930;-400;минтай;1009783;400;минтай
1654;294;96924;-294;31480;-294;краб стригун опилио;100037;294;краб стригун опилио
1655;88;25432;-88;25432;-88;окунь клювач;20573;88;окунь клювач
1655;113;1319;-113;131;-113;палтус черный;998;113;палтус черный
1655;292;356087;-292;103021;-292;треска;334454;292;треска
1655;408;47274;-408;13508;-408;пикша;42840;408;пикша
1655;410;14398;-410;3733;-410;сайда;14398;410;сайда
1655;610;3027;-610;1167;-610;зубатка синяя;1959;610;зубатка синяя
1655;617;572;-617;212;-617;зубатка пестрая;665;617;зубатка пестрая
1655;714;372;-714;102;-714;камбала ерш;855;714;камбала ерш
1656;400;5394017;-400;3550289;-400;минтай;5674072;400;минтай
1657;112;615;-112;194;-112;палтус белокорый;377;112;палтус белокорый
1657;292;208958;-292;43904;-292;треска;42572;292;треска
1658;409;811170;-409;393228;-409;путассу северная;959349;409;путассу северная
1659;400;543040;-400;214657;-400;минтай;515264;400;минтай
